0.0	0.0	0.0	0.0	0.0	0.0	0.0	0.0	0.0	0.0	0.0	0.0	0.0	0.0	0.0	0.0	0.0	0.0	0.0	0.0	0.0	0.0	0.0	0.0	0.0	0.0	0.0	0.0	0.0	0.0	0.0	0.0	0.0	0.0	0.0	0.0	0.0	0.0	0.0	0.0	0.0	0.0	0.0	0.0	0.0	0.0	0.0	0.0	0.0	0.0	0.0	0.0	0.0	0.0	0.0	0.0	0.0	0.0	0.0	0.0	0.0	0.0	0.0	0.0	0.0	0.0	0.0	0.0	0.0	0.0	0.0	0.0	0.0	0.0	0.0	0.0	0.0	0.0	0.0	0.0	0.0	0.0	0.0	0.0	0.0	0.0	0.0	0.0	0.0	0.0	0.0	
0.0	1.0	0.0	0.0	0.0	0.0	0.0	0.0	0.0	0.0	0.0	0.0	0.0	1.0094351768493652	0.0	0.0	0.0	0.0	0.0	0.0	1.0386966466903687	0.0	0.0	0.0	0.0	1.0440850257873535	0.0	0.0	0.0	1.0653717517852783	0.0	0.0	1.0892736911773682	0.0	0.0	1.1211706399917603	0.0	1.1358757019042969	0.0	0.0	0.0	0.0	0.0	0.0	0.0	0.0	0.0	0.0	0.0	0.0	0.0	0.0	0.0	0.0	0.0	0.0	0.0	0.0	0.0	0.0	0.0	0.0	0.0	0.0	0.0	0.0	0.0	0.0	0.0	0.0	0.0	0.0	0.0	0.0	0.0	0.0	0.0	0.0	0.0	0.0	0.0	0.0	0.0	0.0	0.0	0.0	0.0	0.0	0.0	0.0	0.0	
0.0	0.0	1.0	0.0	0.0	0.0	0.0	0.0	0.0	0.0	0.0	0.0	0.0	0.0	1.0	0.0	0.0	0.0	0.0	0.0	0.0	1.0	0.0	0.0	0.0	0.0	1.0	0.0	0.0	0.0	1.0	0.0	0.0	1.0	0.0	0.0	1.0	0.0	1.0	0.0	0.0	0.0	0.0	0.0	0.0	0.0	0.0	0.0	0.0	0.0	0.0	0.0	0.0	0.0	0.0	0.0	0.0	0.0	0.0	0.0	0.0	0.0	0.0	0.0	0.0	0.0	0.0	0.0	0.0	0.0	0.0	0.0	0.0	0.0	0.0	0.0	0.0	0.0	0.0	0.0	0.0	0.0	0.0	0.0	0.0	0.0	0.0	0.0	0.0	0.0	0.0	
0.0	0.0	0.0	1.0	0.0	0.0	0.0	0.0	0.0	0.0	0.0	0.0	0.0	0.0	0.0	1.008755087852478	0.0	0.0	0.0	0.0	0.0	0.0	1.0377922058105469	0.0	0.0	0.0	0.0	1.038254976272583	0.0	0.0	0.0	1.0852066278457642	0.0	0.0	1.091495156288147	0.0	0.0	1.1391360759735107	0.0	1.106048583984375	0.0	0.0	0.0	0.0	0.0	0.0	0.0	0.0	0.0	0.0	0.0	0.0	0.0	0.0	0.0	0.0	0.0	0.0	0.0	0.0	0.0	0.0	0.0	0.0	0.0	0.0	0.0	0.0	0.0	0.0	0.0	0.0	0.0	0.0	0.0	0.0	0.0	0.0	0.0	0.0	0.0	0.0	0.0	0.0	0.0	0.0	0.0	0.0	0.0	0.0	0.0	
0.0	0.0	0.0	0.0	1.0	0.0	0.0	0.0	0.0	0.0	0.0	0.0	0.0	0.0	0.0	0.0	1.007266879081726	0.0	0.0	0.0	0.0	0.0	0.0	1.0268287658691406	0.0	0.0	0.0	0.0	1.0369491577148438	0.0	0.0	0.0	1.0967764854431152	0.0	0.0	1.0862749814987183	0.0	0.0	1.1212276220321655	0.0	1.124370813369751	0.0	0.0	0.0	0.0	0.0	0.0	0.0	0.0	0.0	0.0	0.0	0.0	0.0	0.0	0.0	0.0	0.0	0.0	0.0	0.0	0.0	0.0	0.0	0.0	0.0	0.0	0.0	0.0	0.0	0.0	0.0	0.0	0.0	0.0	0.0	0.0	0.0	0.0	0.0	0.0	0.0	0.0	0.0	0.0	0.0	0.0	0.0	0.0	0.0	0.0	
0.0	0.0	0.0	0.0	0.0	1.0	0.0	0.0	0.0	0.0	0.0	0.0	0.0	0.0	0.0	0.0	0.0	1.0	0.0	0.0	0.0	0.0	0.0	0.0	1.0	0.0	0.0	0.0	0.0	1.0	0.0	0.0	0.0	1.0	0.0	0.0	1.0	0.0	0.0	1.0	0.0	1.0	0.0	0.0	0.0	0.0	0.0	0.0	0.0	0.0	0.0	0.0	0.0	0.0	0.0	0.0	0.0	0.0	0.0	0.0	0.0	0.0	0.0	0.0	0.0	0.0	0.0	0.0	0.0	0.0	0.0	0.0	0.0	0.0	0.0	0.0	0.0	0.0	0.0	0.0	0.0	0.0	0.0	0.0	0.0	0.0	0.0	0.0	0.0	0.0	0.0	
0.0	0.0	0.0	0.0	0.0	0.0	1.0	0.0	0.0	0.0	0.0	0.0	0.0	0.0	0.0	0.0	0.0	0.0	1.0077687501907349	0.0	0.0	0.0	0.0	0.0	0.0	1.0716959238052368	0.0	0.0	0.0	0.0	1.063446283340454	0.0	0.0	0.0	1.1240867376327515	0.0	0.0	1.1434624195098877	0.0	0.0	1.1418628692626953	0.0	1.154604434967041	0.0	0.0	0.0	0.0	0.0	0.0	0.0	0.0	0.0	0.0	0.0	0.0	0.0	0.0	0.0	0.0	0.0	0.0	0.0	0.0	0.0	0.0	0.0	0.0	0.0	0.0	0.0	0.0	0.0	0.0	0.0	0.0	0.0	0.0	0.0	0.0	0.0	0.0	0.0	0.0	0.0	0.0	0.0	0.0	0.0	0.0	0.0	0.0	
0.0	0.0	0.0	0.0	0.0	0.0	0.0	1.0	0.0	0.0	0.0	0.0	0.0	0.0	0.0	0.0	0.0	0.0	0.0	1.008926510810852	0.0	0.0	0.0	0.0	0.0	0.0	1.032099962234497	0.0	0.0	0.0	0.0	1.067305326461792	0.0	0.0	0.0	1.1181223392486572	0.0	0.0	1.0928761959075928	0.0	0.0	1.129530429840088	0.0	1.1202123165130615	0.0	0.0	0.0	0.0	0.0	0.0	0.0	0.0	0.0	0.0	0.0	0.0	0.0	0.0	0.0	0.0	0.0	0.0	0.0	0.0	0.0	0.0	0.0	0.0	0.0	0.0	0.0	0.0	0.0	0.0	0.0	0.0	0.0	0.0	0.0	0.0	0.0	0.0	0.0	0.0	0.0	0.0	0.0	0.0	0.0	0.0	0.0	
0.0	0.0	0.0	0.0	0.0	0.0	0.0	0.0	1.0	0.0	0.0	0.0	0.0	0.0	0.0	0.0	0.0	0.0	0.0	0.0	1.0274312496185303	0.0	0.0	0.0	0.0	0.0	0.0	1.051147222518921	0.0	0.0	0.0	0.0	1.0869104862213135	0.0	0.0	0.0	1.0808786153793335	0.0	0.0	1.098550796508789	0.0	0.0	1.1515953540802002	0.0	1.1372873783111572	0.0	0.0	0.0	0.0	0.0	0.0	0.0	0.0	0.0	0.0	0.0	0.0	0.0	0.0	0.0	0.0	0.0	0.0	0.0	0.0	0.0	0.0	0.0	0.0	0.0	0.0	0.0	0.0	0.0	0.0	0.0	0.0	0.0	0.0	0.0	0.0	0.0	0.0	0.0	0.0	0.0	0.0	0.0	0.0	0.0	0.0	
0.0	0.0	0.0	0.0	0.0	0.0	0.0	0.0	0.0	1.0	0.0	0.0	0.0	0.0	0.0	0.0	0.0	0.0	0.0	0.0	0.0	1.0082980394363403	0.0	0.0	0.0	0.0	0.0	0.0	1.0571829080581665	0.0	0.0	0.0	0.0	1.0519236326217651	0.0	0.0	0.0	1.1616467237472534	0.0	0.0	1.1228963136672974	0.0	0.0	1.1384598016738892	0.0	1.1368818283081055	0.0	0.0	0.0	0.0	0.0	0.0	0.0	0.0	0.0	0.0	0.0	0.0	0.0	0.0	0.0	0.0	0.0	0.0	0.0	0.0	0.0	0.0	0.0	0.0	0.0	0.0	0.0	0.0	0.0	0.0	0.0	0.0	0.0	0.0	0.0	0.0	0.0	0.0	0.0	0.0	0.0	0.0	0.0	0.0	0.0	
0.0	0.0	0.0	0.0	0.0	0.0	0.0	0.0	0.0	0.0	1.0	0.0	0.0	0.0	0.0	0.0	0.0	0.0	0.0	0.0	0.0	0.0	1.0311055183410645	0.0	0.0	0.0	0.0	0.0	0.0	1.0625450611114502	0.0	0.0	0.0	0.0	1.08938467502594	0.0	0.0	0.0	1.1208916902542114	0.0	0.0	1.0995959043502808	0.0	0.0	1.17007577419281	0.0	1.1465891599655151	0.0	0.0	0.0	0.0	0.0	0.0	0.0	0.0	0.0	0.0	0.0	0.0	0.0	0.0	0.0	0.0	0.0	0.0	0.0	0.0	0.0	0.0	0.0	0.0	0.0	0.0	0.0	0.0	0.0	0.0	0.0	0.0	0.0	0.0	0.0	0.0	0.0	0.0	0.0	0.0	0.0	0.0	0.0	0.0	
0.0	0.0	0.0	0.0	0.0	0.0	0.0	0.0	0.0	0.0	0.0	1.0	0.0	0.0	0.0	0.0	0.0	0.0	0.0	0.0	0.0	0.0	0.0	1.022698163986206	0.0	0.0	0.0	0.0	0.0	0.0	1.0776252746582031	0.0	0.0	0.0	0.0	1.1045663356781006	0.0	0.0	0.0	1.1525450944900513	0.0	0.0	1.1509160995483398	0.0	0.0	1.1640617847442627	0.0	1.1402419805526733	0.0	0.0	0.0	0.0	0.0	0.0	0.0	0.0	0.0	0.0	0.0	0.0	0.0	0.0	0.0	0.0	0.0	0.0	0.0	0.0	0.0	0.0	0.0	0.0	0.0	0.0	0.0	0.0	0.0	0.0	0.0	0.0	0.0	0.0	0.0	0.0	0.0	0.0	0.0	0.0	0.0	0.0	0.0	
0.0	0.0	0.0	0.0	0.0	0.0	0.0	0.0	0.0	0.0	0.0	0.0	1.0	0.0	0.0	0.0	0.0	0.0	0.0	0.0	0.0	0.0	0.0	0.0	1.00945246219635	0.0	0.0	0.0	0.0	0.0	0.0	1.0728740692138672	0.0	0.0	0.0	0.0	1.058271884918213	0.0	0.0	0.0	1.1423585414886475	0.0	0.0	1.1138557195663452	0.0	0.0	1.1587915420532227	0.0	1.1221026182174683	0.0	0.0	0.0	0.0	0.0	0.0	0.0	0.0	0.0	0.0	0.0	0.0	0.0	0.0	0.0	0.0	0.0	0.0	0.0	0.0	0.0	0.0	0.0	0.0	0.0	0.0	0.0	0.0	0.0	0.0	0.0	0.0	0.0	0.0	0.0	0.0	0.0	0.0	0.0	0.0	0.0	0.0	
0.0	0.0	0.0	0.0	0.0	0.0	0.0	0.0	0.0	0.0	0.0	0.0	0.0	1.0094351768493652	0.0	0.0	0.0	0.0	0.0	0.0	0.0	0.0	0.0	0.0	0.0	1.0480470657348633	0.0	0.0	0.0	0.0	0.0	0.0	1.1399142742156982	0.0	0.0	0.0	0.0	1.1711976528167725	0.0	0.0	0.0	1.2040646076202393	0.0	0.0	1.2100815773010254	0.0	0.0	1.1675564050674438	0.0	1.2152904272079468	0.0	0.0	0.0	0.0	0.0	0.0	0.0	0.0	0.0	0.0	0.0	0.0	0.0	0.0	0.0	0.0	0.0	0.0	0.0	0.0	0.0	0.0	0.0	0.0	0.0	0.0	0.0	0.0	0.0	0.0	0.0	0.0	0.0	0.0	0.0	0.0	0.0	0.0	0.0	0.0	0.0	
0.0	0.0	0.0	0.0	0.0	0.0	0.0	0.0	0.0	0.0	0.0	0.0	0.0	0.0	1.0	0.0	0.0	0.0	0.0	0.0	0.0	0.0	0.0	0.0	0.0	0.0	1.029733657836914	0.0	0.0	0.0	0.0	0.0	0.0	1.0651640892028809	0.0	0.0	0.0	0.0	1.1108142137527466	0.0	0.0	0.0	1.1953340768814087	0.0	0.0	1.1353579759597778	0.0	0.0	1.1528202295303345	0.0	1.1315381526947021	0.0	0.0	0.0	0.0	0.0	0.0	0.0	0.0	0.0	0.0	0.0	0.0	0.0	0.0	0.0	0.0	0.0	0.0	0.0	0.0	0.0	0.0	0.0	0.0	0.0	0.0	0.0	0.0	0.0	0.0	0.0	0.0	0.0	0.0	0.0	0.0	0.0	0.0	0.0	0.0	
0.0	0.0	0.0	0.0	0.0	0.0	0.0	0.0	0.0	0.0	0.0	0.0	0.0	0.0	0.0	1.008755087852478	0.0	0.0	0.0	0.0	0.0	0.0	0.0	0.0	0.0	0.0	0.0	1.0442417860031128	0.0	0.0	0.0	0.0	0.0	0.0	1.1088149547576904	0.0	0.0	0.0	0.0	1.108433723449707	0.0	0.0	0.0	1.1366153955459595	0.0	0.0	1.1587073802947998	0.0	0.0	1.1961164474487305	0.0	1.153904676437378	0.0	0.0	0.0	0.0	0.0	0.0	0.0	0.0	0.0	0.0	0.0	0.0	0.0	0.0	0.0	0.0	0.0	0.0	0.0	0.0	0.0	0.0	0.0	0.0	0.0	0.0	0.0	0.0	0.0	0.0	0.0	0.0	0.0	0.0	0.0	0.0	0.0	0.0	0.0	
0.0	0.0	0.0	0.0	0.0	0.0	0.0	0.0	0.0	0.0	0.0	0.0	0.0	0.0	0.0	0.0	1.007266879081726	0.0	0.0	0.0	0.0	0.0	0.0	0.0	0.0	0.0	0.0	0.0	1.0385105609893799	0.0	0.0	0.0	0.0	0.0	0.0	1.1198683977127075	0.0	0.0	0.0	0.0	1.1181997060775757	0.0	0.0	0.0	1.1805267333984375	0.0	0.0	1.1406155824661255	0.0	0.0	1.1424978971481323	0.0	1.1494039297103882	0.0	0.0	0.0	0.0	0.0	0.0	0.0	0.0	0.0	0.0	0.0	0.0	0.0	0.0	0.0	0.0	0.0	0.0	0.0	0.0	0.0	0.0	0.0	0.0	0.0	0.0	0.0	0.0	0.0	0.0	0.0	0.0	0.0	0.0	0.0	0.0	0.0	0.0	
0.0	0.0	0.0	0.0	0.0	0.0	0.0	0.0	0.0	0.0	0.0	0.0	0.0	0.0	0.0	0.0	0.0	1.0	0.0	0.0	0.0	0.0	0.0	0.0	0.0	0.0	0.0	0.0	0.0	1.0490078926086426	0.0	0.0	0.0	0.0	0.0	0.0	1.0668485164642334	0.0	0.0	0.0	0.0	1.1031180620193481	0.0	0.0	0.0	1.1418999433517456	0.0	0.0	1.1181061267852783	0.0	0.0	1.2026667594909668	0.0	1.1624374389648438	0.0	0.0	0.0	0.0	0.0	0.0	0.0	0.0	0.0	0.0	0.0	0.0	0.0	0.0	0.0	0.0	0.0	0.0	0.0	0.0	0.0	0.0	0.0	0.0	0.0	0.0	0.0	0.0	0.0	0.0	0.0	0.0	0.0	0.0	0.0	0.0	0.0	
0.0	0.0	0.0	0.0	0.0	0.0	0.0	0.0	0.0	0.0	0.0	0.0	0.0	0.0	0.0	0.0	0.0	0.0	1.0077687501907349	0.0	0.0	0.0	0.0	0.0	0.0	0.0	0.0	0.0	0.0	0.0	1.0768561363220215	0.0	0.0	0.0	0.0	0.0	0.0	1.3217397928237915	0.0	0.0	0.0	0.0	1.2896744012832642	0.0	0.0	0.0	1.3781275749206543	0.0	0.0	1.4068056344985962	0.0	0.0	1.2445528507232666	0.0	1.3270522356033325	0.0	0.0	0.0	0.0	0.0	0.0	0.0	0.0	0.0	0.0	0.0	0.0	0.0	0.0	0.0	0.0	0.0	0.0	0.0	0.0	0.0	0.0	0.0	0.0	0.0	0.0	0.0	0.0	0.0	0.0	0.0	0.0	0.0	0.0	0.0	0.0	
0.0	0.0	0.0	0.0	0.0	0.0	0.0	0.0	0.0	0.0	0.0	0.0	0.0	0.0	0.0	0.0	0.0	0.0	0.0	1.008926510810852	0.0	0.0	0.0	0.0	0.0	0.0	0.0	0.0	0.0	0.0	0.0	1.0529589653015137	0.0	0.0	0.0	0.0	0.0	0.0	1.1054185628890991	0.0	0.0	0.0	0.0	1.1039351224899292	0.0	0.0	0.0	1.1595531702041626	0.0	0.0	1.1149837970733643	0.0	0.0	1.1401169300079346	0.0	1.0947237014770508	0.0	0.0	0.0	0.0	0.0	0.0	0.0	0.0	0.0	0.0	0.0	0.0	0.0	0.0	0.0	0.0	0.0	0.0	0.0	0.0	0.0	0.0	0.0	0.0	0.0	0.0	0.0	0.0	0.0	0.0	0.0	0.0	0.0	0.0	0.0	
0.0	0.0	0.0	0.0	0.0	0.0	0.0	0.0	0.0	0.0	0.0	0.0	0.0	0.0	0.0	0.0	0.0	0.0	0.0	0.0	1.0257738828659058	0.0	0.0	0.0	0.0	0.0	0.0	0.0	0.0	0.0	0.0	0.0	1.117736577987671	0.0	0.0	0.0	0.0	0.0	0.0	1.1627086400985718	0.0	0.0	0.0	0.0	1.1801080703735352	0.0	0.0	0.0	1.1972047090530396	0.0	0.0	1.234209418296814	0.0	0.0	1.2860329151153564	0.0	1.2132611274719238	0.0	0.0	0.0	0.0	0.0	0.0	0.0	0.0	0.0	0.0	0.0	0.0	0.0	0.0	0.0	0.0	0.0	0.0	0.0	0.0	0.0	0.0	0.0	0.0	0.0	0.0	0.0	0.0	0.0	0.0	0.0	0.0	0.0	0.0	
0.0	0.0	0.0	0.0	0.0	0.0	0.0	0.0	0.0	0.0	0.0	0.0	0.0	0.0	0.0	0.0	0.0	0.0	0.0	0.0	0.0	1.0082980394363403	0.0	0.0	0.0	0.0	0.0	0.0	0.0	0.0	0.0	0.0	0.0	1.0608783960342407	0.0	0.0	0.0	0.0	0.0	0.0	1.1875914335250854	0.0	0.0	0.0	0.0	1.1550757884979248	0.0	0.0	0.0	1.3765158653259277	0.0	0.0	1.1982946395874023	0.0	0.0	1.1162675619125366	0.0	1.1489737033843994	0.0	0.0	0.0	0.0	0.0	0.0	0.0	0.0	0.0	0.0	0.0	0.0	0.0	0.0	0.0	0.0	0.0	0.0	0.0	0.0	0.0	0.0	0.0	0.0	0.0	0.0	0.0	0.0	0.0	0.0	0.0	0.0	0.0	
0.0	0.0	0.0	0.0	0.0	0.0	0.0	0.0	0.0	0.0	0.0	0.0	0.0	0.0	0.0	0.0	0.0	0.0	0.0	0.0	0.0	0.0	1.0272611379623413	0.0	0.0	0.0	0.0	0.0	0.0	0.0	0.0	0.0	0.0	0.0	1.1214767694473267	0.0	0.0	0.0	0.0	0.0	0.0	1.1278326511383057	0.0	0.0	0.0	0.0	1.1892259120941162	0.0	0.0	0.0	1.1495451927185059	0.0	0.0	1.2160979509353638	0.0	0.0	1.3090293407440186	0.0	1.272896647453308	0.0	0.0	0.0	0.0	0.0	0.0	0.0	0.0	0.0	0.0	0.0	0.0	0.0	0.0	0.0	0.0	0.0	0.0	0.0	0.0	0.0	0.0	0.0	0.0	0.0	0.0	0.0	0.0	0.0	0.0	0.0	0.0	
0.0	0.0	0.0	0.0	0.0	0.0	0.0	0.0	0.0	0.0	0.0	0.0	0.0	0.0	0.0	0.0	0.0	0.0	0.0	0.0	0.0	0.0	0.0	1.0272800922393799	0.0	0.0	0.0	0.0	0.0	0.0	0.0	0.0	0.0	0.0	0.0	1.1258394718170166	0.0	0.0	0.0	0.0	0.0	0.0	1.2581489086151123	0.0	0.0	0.0	0.0	1.183424711227417	0.0	0.0	0.0	1.3420045375823975	0.0	0.0	1.3106133937835693	0.0	0.0	1.2259446382522583	0.0	1.1905869245529175	0.0	0.0	0.0	0.0	0.0	0.0	0.0	0.0	0.0	0.0	0.0	0.0	0.0	0.0	0.0	0.0	0.0	0.0	0.0	0.0	0.0	0.0	0.0	0.0	0.0	0.0	0.0	0.0	0.0	0.0	0.0	
0.0	0.0	0.0	0.0	0.0	0.0	0.0	0.0	0.0	0.0	0.0	0.0	0.0	0.0	0.0	0.0	0.0	0.0	0.0	0.0	0.0	0.0	0.0	0.0	1.00945246219635	0.0	0.0	0.0	0.0	0.0	0.0	0.0	0.0	0.0	0.0	0.0	1.049747109413147	0.0	0.0	0.0	0.0	0.0	0.0	1.1205863952636719	0.0	0.0	0.0	0.0	1.1038907766342163	0.0	0.0	0.0	1.1488916873931885	0.0	0.0	1.0921249389648438	0.0	0.0	1.1833792924880981	0.0	1.1159684658050537	0.0	0.0	0.0	0.0	0.0	0.0	0.0	0.0	0.0	0.0	0.0	0.0	0.0	0.0	0.0	0.0	0.0	0.0	0.0	0.0	0.0	0.0	0.0	0.0	0.0	0.0	0.0	0.0	0.0	0.0	
0.0	0.0	0.0	0.0	0.0	0.0	0.0	0.0	0.0	0.0	0.0	0.0	0.0	0.0	0.0	0.0	0.0	0.0	0.0	0.0	0.0	0.0	0.0	0.0	0.0	1.0744737386703491	0.0	0.0	0.0	0.0	0.0	0.0	0.0	0.0	0.0	0.0	0.0	1.3023483753204346	0.0	0.0	0.0	0.0	0.0	0.0	1.3436222076416016	0.0	0.0	0.0	0.0	1.4315707683563232	0.0	0.0	0.0	1.5329797267913818	0.0	0.0	1.4309518337249756	0.0	0.0	1.2185522317886353	0.0	1.4642720222473145	0.0	0.0	0.0	0.0	0.0	0.0	0.0	0.0	0.0	0.0	0.0	0.0	0.0	0.0	0.0	0.0	0.0	0.0	0.0	0.0	0.0	0.0	0.0	0.0	0.0	0.0	0.0	0.0	0.0	
0.0	0.0	0.0	0.0	0.0	0.0	0.0	0.0	0.0	0.0	0.0	0.0	0.0	0.0	0.0	0.0	0.0	0.0	0.0	0.0	0.0	0.0	0.0	0.0	0.0	0.0	1.0294257402420044	0.0	0.0	0.0	0.0	0.0	0.0	0.0	0.0	0.0	0.0	0.0	1.1091164350509644	0.0	0.0	0.0	0.0	0.0	0.0	1.1791129112243652	0.0	0.0	0.0	0.0	1.1164244413375854	0.0	0.0	0.0	1.3286190032958984	0.0	0.0	1.1530717611312866	0.0	0.0	1.1612625122070312	0.0	1.1162325143814087	0.0	0.0	0.0	0.0	0.0	0.0	0.0	0.0	0.0	0.0	0.0	0.0	0.0	0.0	0.0	0.0	0.0	0.0	0.0	0.0	0.0	0.0	0.0	0.0	0.0	0.0	0.0	0.0	
0.0	0.0	0.0	0.0	0.0	0.0	0.0	0.0	0.0	0.0	0.0	0.0	0.0	0.0	0.0	0.0	0.0	0.0	0.0	0.0	0.0	0.0	0.0	0.0	0.0	0.0	0.0	1.0510554313659668	0.0	0.0	0.0	0.0	0.0	0.0	0.0	0.0	0.0	0.0	0.0	1.1637715101242065	0.0	0.0	0.0	0.0	0.0	0.0	1.2245267629623413	0.0	0.0	0.0	0.0	1.241385817527771	0.0	0.0	0.0	1.1495317220687866	0.0	0.0	1.2787917852401733	0.0	0.0	1.336911916732788	0.0	1.260880708694458	0.0	0.0	0.0	0.0	0.0	0.0	0.0	0.0	0.0	0.0	0.0	0.0	0.0	0.0	0.0	0.0	0.0	0.0	0.0	0.0	0.0	0.0	0.0	0.0	0.0	0.0	0.0	
0.0	0.0	0.0	0.0	0.0	0.0	0.0	0.0	0.0	0.0	0.0	0.0	0.0	0.0	0.0	0.0	0.0	0.0	0.0	0.0	0.0	0.0	0.0	0.0	0.0	0.0	0.0	0.0	1.056843638420105	0.0	0.0	0.0	0.0	0.0	0.0	0.0	0.0	0.0	0.0	0.0	1.1777238845825195	0.0	0.0	0.0	0.0	0.0	0.0	1.2072771787643433	0.0	0.0	0.0	0.0	1.2128486633300781	0.0	0.0	0.0	1.3573343753814697	0.0	0.0	1.1910879611968994	0.0	0.0	1.1350085735321045	0.0	1.1754275560379028	0.0	0.0	0.0	0.0	0.0	0.0	0.0	0.0	0.0	0.0	0.0	0.0	0.0	0.0	0.0	0.0	0.0	0.0	0.0	0.0	0.0	0.0	0.0	0.0	0.0	0.0	
0.0	0.0	0.0	0.0	0.0	0.0	0.0	0.0	0.0	0.0	0.0	0.0	0.0	0.0	0.0	0.0	0.0	0.0	0.0	0.0	0.0	0.0	0.0	0.0	0.0	0.0	0.0	0.0	0.0	1.0465412139892578	0.0	0.0	0.0	0.0	0.0	0.0	0.0	0.0	0.0	0.0	0.0	1.1864231824874878	0.0	0.0	0.0	0.0	0.0	0.0	1.1524580717086792	0.0	0.0	0.0	0.0	1.2352722883224487	0.0	0.0	0.0	1.1559364795684814	0.0	0.0	1.186958909034729	0.0	0.0	1.3414312601089478	0.0	1.2901908159255981	0.0	0.0	0.0	0.0	0.0	0.0	0.0	0.0	0.0	0.0	0.0	0.0	0.0	0.0	0.0	0.0	0.0	0.0	0.0	0.0	0.0	0.0	0.0	0.0	0.0	
0.0	0.0	0.0	0.0	0.0	0.0	0.0	0.0	0.0	0.0	0.0	0.0	0.0	0.0	0.0	0.0	0.0	0.0	0.0	0.0	0.0	0.0	0.0	0.0	0.0	0.0	0.0	0.0	0.0	0.0	1.1379265785217285	0.0	0.0	0.0	0.0	0.0	0.0	0.0	0.0	0.0	0.0	0.0	1.3574717044830322	0.0	0.0	0.0	0.0	0.0	0.0	1.5442769527435303	0.0	0.0	0.0	0.0	1.4191635847091675	0.0	0.0	0.0	1.6052929162979126	0.0	0.0	1.5344833135604858	0.0	0.0	1.251898169517517	0.0	1.334536075592041	0.0	0.0	0.0	0.0	0.0	0.0	0.0	0.0	0.0	0.0	0.0	0.0	0.0	0.0	0.0	0.0	0.0	0.0	0.0	0.0	0.0	0.0	0.0	0.0	
0.0	0.0	0.0	0.0	0.0	0.0	0.0	0.0	0.0	0.0	0.0	0.0	0.0	0.0	0.0	0.0	0.0	0.0	0.0	0.0	0.0	0.0	0.0	0.0	0.0	0.0	0.0	0.0	0.0	0.0	0.0	1.0602036714553833	0.0	0.0	0.0	0.0	0.0	0.0	0.0	0.0	0.0	0.0	0.0	1.0964137315750122	0.0	0.0	0.0	0.0	0.0	0.0	1.1260303258895874	0.0	0.0	0.0	0.0	1.0942158699035645	0.0	0.0	0.0	1.151792049407959	0.0	0.0	1.094618558883667	0.0	0.0	1.1345241069793701	0.0	1.0892534255981445	0.0	0.0	0.0	0.0	0.0	0.0	0.0	0.0	0.0	0.0	0.0	0.0	0.0	0.0	0.0	0.0	0.0	0.0	0.0	0.0	0.0	0.0	0.0	
0.0	0.0	0.0	0.0	0.0	0.0	0.0	0.0	0.0	0.0	0.0	0.0	0.0	0.0	0.0	0.0	0.0	0.0	0.0	0.0	0.0	0.0	0.0	0.0	0.0	0.0	0.0	0.0	0.0	0.0	0.0	0.0	1.1539090871810913	0.0	0.0	0.0	0.0	0.0	0.0	0.0	0.0	0.0	0.0	0.0	1.3425785303115845	0.0	0.0	0.0	0.0	0.0	0.0	1.3314288854599	0.0	0.0	0.0	0.0	1.4185199737548828	0.0	0.0	0.0	1.3866387605667114	0.0	0.0	1.349469542503357	0.0	0.0	1.3007620573043823	0.0	1.303283452987671	0.0	0.0	0.0	0.0	0.0	0.0	0.0	0.0	0.0	0.0	0.0	0.0	0.0	0.0	0.0	0.0	0.0	0.0	0.0	0.0	0.0	0.0	
0.0	0.0	0.0	0.0	0.0	0.0	0.0	0.0	0.0	0.0	0.0	0.0	0.0	0.0	0.0	0.0	0.0	0.0	0.0	0.0	0.0	0.0	0.0	0.0	0.0	0.0	0.0	0.0	0.0	0.0	0.0	0.0	0.0	1.0790284872055054	0.0	0.0	0.0	0.0	0.0	0.0	0.0	0.0	0.0	0.0	0.0	1.18665611743927	0.0	0.0	0.0	0.0	0.0	0.0	1.3191584348678589	0.0	0.0	0.0	0.0	1.1744681596755981	0.0	0.0	0.0	1.544413685798645	0.0	0.0	1.231099009513855	0.0	0.0	1.1160203218460083	0.0	1.1199854612350464	0.0	0.0	0.0	0.0	0.0	0.0	0.0	0.0	0.0	0.0	0.0	0.0	0.0	0.0	0.0	0.0	0.0	0.0	0.0	0.0	0.0	
0.0	0.0	0.0	0.0	0.0	0.0	0.0	0.0	0.0	0.0	0.0	0.0	0.0	0.0	0.0	0.0	0.0	0.0	0.0	0.0	0.0	0.0	0.0	0.0	0.0	0.0	0.0	0.0	0.0	0.0	0.0	0.0	0.0	0.0	1.1331983804702759	0.0	0.0	0.0	0.0	0.0	0.0	0.0	0.0	0.0	0.0	0.0	1.387760877609253	0.0	0.0	0.0	0.0	0.0	0.0	1.292984127998352	0.0	0.0	0.0	0.0	1.324474811553955	0.0	0.0	0.0	1.1496565341949463	0.0	0.0	1.2567864656448364	0.0	0.0	1.2683619260787964	0.0	1.3335107564926147	0.0	0.0	0.0	0.0	0.0	0.0	0.0	0.0	0.0	0.0	0.0	0.0	0.0	0.0	0.0	0.0	0.0	0.0	0.0	0.0	
0.0	0.0	0.0	0.0	0.0	0.0	0.0	0.0	0.0	0.0	0.0	0.0	0.0	0.0	0.0	0.0	0.0	0.0	0.0	0.0	0.0	0.0	0.0	0.0	0.0	0.0	0.0	0.0	0.0	0.0	0.0	0.0	0.0	0.0	0.0	1.1563966274261475	0.0	0.0	0.0	0.0	0.0	0.0	0.0	0.0	0.0	0.0	0.0	1.2389626502990723	0.0	0.0	0.0	0.0	0.0	0.0	1.437520146369934	0.0	0.0	0.0	0.0	1.2345558404922485	0.0	0.0	0.0	1.4239168167114258	0.0	0.0	1.3105334043502808	0.0	0.0	1.1813300848007202	0.0	1.160590648651123	0.0	0.0	0.0	0.0	0.0	0.0	0.0	0.0	0.0	0.0	0.0	0.0	0.0	0.0	0.0	0.0	0.0	0.0	0.0	
0.0	0.0	0.0	0.0	0.0	0.0	0.0	0.0	0.0	0.0	0.0	0.0	0.0	0.0	0.0	0.0	0.0	0.0	0.0	0.0	0.0	0.0	0.0	0.0	0.0	0.0	0.0	0.0	0.0	0.0	0.0	0.0	0.0	0.0	0.0	0.0	1.059866189956665	0.0	0.0	0.0	0.0	0.0	0.0	0.0	0.0	0.0	0.0	0.0	1.1198593378067017	0.0	0.0	0.0	0.0	0.0	0.0	1.1131454706192017	0.0	0.0	0.0	0.0	1.108885645866394	0.0	0.0	0.0	1.1344358921051025	0.0	0.0	1.0865055322647095	0.0	0.0	1.1216500997543335	0.0	1.0987359285354614	0.0	0.0	0.0	0.0	0.0	0.0	0.0	0.0	0.0	0.0	0.0	0.0	0.0	0.0	0.0	0.0	0.0	0.0	
0.0	0.0	0.0	0.0	0.0	0.0	0.0	0.0	0.0	0.0	0.0	0.0	0.0	0.0	0.0	0.0	0.0	0.0	0.0	0.0	0.0	0.0	0.0	0.0	0.0	0.0	0.0	0.0	0.0	0.0	0.0	0.0	0.0	0.0	0.0	0.0	0.0	1.3570795059204102	0.0	0.0	0.0	0.0	0.0	0.0	0.0	0.0	0.0	0.0	0.0	1.622238039970398	0.0	0.0	0.0	0.0	0.0	0.0	1.582274317741394	0.0	0.0	0.0	0.0	1.6371235847473145	0.0	0.0	0.0	1.593937635421753	0.0	0.0	1.4216859340667725	0.0	0.0	1.1715353727340698	0.0	1.3760936260223389	0.0	0.0	0.0	0.0	0.0	0.0	0.0	0.0	0.0	0.0	0.0	0.0	0.0	0.0	0.0	0.0	0.0	
0.0	0.0	0.0	0.0	0.0	0.0	0.0	0.0	0.0	0.0	0.0	0.0	0.0	0.0	0.0	0.0	0.0	0.0	0.0	0.0	0.0	0.0	0.0	0.0	0.0	0.0	0.0	0.0	0.0	0.0	0.0	0.0	0.0	0.0	0.0	0.0	0.0	0.0	1.1121363639831543	0.0	0.0	0.0	0.0	0.0	0.0	0.0	0.0	0.0	0.0	0.0	1.124701738357544	0.0	0.0	0.0	0.0	0.0	0.0	1.2067136764526367	0.0	0.0	0.0	0.0	1.1132419109344482	0.0	0.0	0.0	1.260519027709961	0.0	0.0	1.1230193376541138	0.0	0.0	1.1588685512542725	0.0	1.0754539966583252	0.0	0.0	0.0	0.0	0.0	0.0	0.0	0.0	0.0	0.0	0.0	0.0	0.0	0.0	0.0	0.0	
0.0	0.0	0.0	0.0	0.0	0.0	0.0	0.0	0.0	0.0	0.0	0.0	0.0	0.0	0.0	0.0	0.0	0.0	0.0	0.0	0.0	0.0	0.0	0.0	0.0	0.0	0.0	0.0	0.0	0.0	0.0	0.0	0.0	0.0	0.0	0.0	0.0	0.0	0.0	1.1727664470672607	0.0	0.0	0.0	0.0	0.0	0.0	0.0	0.0	0.0	0.0	0.0	1.3149456977844238	0.0	0.0	0.0	0.0	0.0	0.0	1.3398388624191284	0.0	0.0	0.0	0.0	1.2711646556854248	0.0	0.0	0.0	1.1310480833053589	0.0	0.0	1.1937836408615112	0.0	0.0	1.1889030933380127	0.0	1.1626791954040527	0.0	0.0	0.0	0.0	0.0	0.0	0.0	0.0	0.0	0.0	0.0	0.0	0.0	0.0	0.0	
0.0	0.0	0.0	0.0	0.0	0.0	0.0	0.0	0.0	0.0	0.0	0.0	0.0	0.0	0.0	0.0	0.0	0.0	0.0	0.0	0.0	0.0	0.0	0.0	0.0	0.0	0.0	0.0	0.0	0.0	0.0	0.0	0.0	0.0	0.0	0.0	0.0	0.0	0.0	0.0	1.18418550491333	0.0	0.0	0.0	0.0	0.0	0.0	0.0	0.0	0.0	0.0	0.0	1.2154117822647095	0.0	0.0	0.0	0.0	0.0	0.0	1.2573902606964111	0.0	0.0	0.0	0.0	1.1895277500152588	0.0	0.0	0.0	1.2885726690292358	0.0	0.0	1.1667152643203735	0.0	0.0	1.0879528522491455	0.0	1.1098642349243164	0.0	0.0	0.0	0.0	0.0	0.0	0.0	0.0	0.0	0.0	0.0	0.0	0.0	0.0	
0.0	0.0	0.0	0.0	0.0	0.0	0.0	0.0	0.0	0.0	0.0	0.0	0.0	0.0	0.0	0.0	0.0	0.0	0.0	0.0	0.0	0.0	0.0	0.0	0.0	0.0	0.0	0.0	0.0	0.0	0.0	0.0	0.0	0.0	0.0	0.0	0.0	0.0	0.0	0.0	0.0	1.1465134620666504	0.0	0.0	0.0	0.0	0.0	0.0	0.0	0.0	0.0	0.0	0.0	1.283463954925537	0.0	0.0	0.0	0.0	0.0	0.0	1.2462248802185059	0.0	0.0	0.0	0.0	1.232807993888855	0.0	0.0	0.0	1.1419143676757812	0.0	0.0	1.1459007263183594	0.0	0.0	1.1615569591522217	0.0	1.1030023097991943	0.0	0.0	0.0	0.0	0.0	0.0	0.0	0.0	0.0	0.0	0.0	0.0	0.0	
0.0	0.0	0.0	0.0	0.0	0.0	0.0	0.0	0.0	0.0	0.0	0.0	0.0	0.0	0.0	0.0	0.0	0.0	0.0	0.0	0.0	0.0	0.0	0.0	0.0	0.0	0.0	0.0	0.0	0.0	0.0	0.0	0.0	0.0	0.0	0.0	0.0	0.0	0.0	0.0	0.0	0.0	1.3346505165100098	0.0	0.0	0.0	0.0	0.0	0.0	0.0	0.0	0.0	0.0	0.0	1.4168864488601685	0.0	0.0	0.0	0.0	0.0	0.0	1.662003517150879	0.0	0.0	0.0	0.0	1.273889183998108	0.0	0.0	0.0	1.436313271522522	0.0	0.0	1.3556548357009888	0.0	0.0	1.1302576065063477	0.0	1.1444571018218994	0.0	0.0	0.0	0.0	0.0	0.0	0.0	0.0	0.0	0.0	0.0	0.0	
0.0	0.0	0.0	0.0	0.0	0.0	0.0	0.0	0.0	0.0	0.0	0.0	0.0	0.0	0.0	0.0	0.0	0.0	0.0	0.0	0.0	0.0	0.0	0.0	0.0	0.0	0.0	0.0	0.0	0.0	0.0	0.0	0.0	0.0	0.0	0.0	0.0	0.0	0.0	0.0	0.0	0.0	0.0	1.1145468950271606	0.0	0.0	0.0	0.0	0.0	0.0	0.0	0.0	0.0	0.0	0.0	1.0972625017166138	0.0	0.0	0.0	0.0	0.0	0.0	1.104046106338501	0.0	0.0	0.0	0.0	1.080792784690857	0.0	0.0	0.0	1.103598952293396	0.0	0.0	1.0713297128677368	0.0	0.0	1.073460578918457	0.0	1.0501103401184082	0.0	0.0	0.0	0.0	0.0	0.0	0.0	0.0	0.0	0.0	0.0	
0.0	0.0	0.0	0.0	0.0	0.0	0.0	0.0	0.0	0.0	0.0	0.0	0.0	0.0	0.0	0.0	0.0	0.0	0.0	0.0	0.0	0.0	0.0	0.0	0.0	0.0	0.0	0.0	0.0	0.0	0.0	0.0	0.0	0.0	0.0	0.0	0.0	0.0	0.0	0.0	0.0	0.0	0.0	0.0	1.2412744760513306	0.0	0.0	0.0	0.0	0.0	0.0	0.0	0.0	0.0	0.0	0.0	1.3661946058273315	0.0	0.0	0.0	0.0	0.0	0.0	1.3996896743774414	0.0	0.0	0.0	0.0	1.2642680406570435	0.0	0.0	0.0	1.2222195863723755	0.0	0.0	1.1935304403305054	0.0	0.0	1.1418025493621826	0.0	1.0764065980911255	0.0	0.0	0.0	0.0	0.0	0.0	0.0	0.0	0.0	0.0	
0.0	0.0	0.0	0.0	0.0	0.0	0.0	0.0	0.0	0.0	0.0	0.0	0.0	0.0	0.0	0.0	0.0	0.0	0.0	0.0	0.0	0.0	0.0	0.0	0.0	0.0	0.0	0.0	0.0	0.0	0.0	0.0	0.0	0.0	0.0	0.0	0.0	0.0	0.0	0.0	0.0	0.0	0.0	0.0	0.0	1.1580471992492676	0.0	0.0	0.0	0.0	0.0	0.0	0.0	0.0	0.0	0.0	0.0	1.1510945558547974	0.0	0.0	0.0	0.0	0.0	0.0	1.2300126552581787	0.0	0.0	0.0	0.0	1.1067944765090942	0.0	0.0	0.0	1.2606092691421509	0.0	0.0	1.1307669878005981	0.0	0.0	1.0512725114822388	0.0	1.0627281665802002	0.0	0.0	0.0	0.0	0.0	0.0	0.0	0.0	0.0	
0.0	0.0	0.0	0.0	0.0	0.0	0.0	0.0	0.0	0.0	0.0	0.0	0.0	0.0	0.0	0.0	0.0	0.0	0.0	0.0	0.0	0.0	0.0	0.0	0.0	0.0	0.0	0.0	0.0	0.0	0.0	0.0	0.0	0.0	0.0	0.0	0.0	0.0	0.0	0.0	0.0	0.0	0.0	0.0	0.0	0.0	1.2020865678787231	0.0	0.0	0.0	0.0	0.0	0.0	0.0	0.0	0.0	0.0	0.0	1.2651623487472534	0.0	0.0	0.0	0.0	0.0	0.0	1.2690016031265259	0.0	0.0	0.0	0.0	1.1763803958892822	0.0	0.0	0.0	1.093700885772705	0.0	0.0	1.0788631439208984	0.0	0.0	1.070518136024475	0.0	1.0606712102890015	0.0	0.0	0.0	0.0	0.0	0.0	0.0	0.0	
0.0	0.0	0.0	0.0	0.0	0.0	0.0	0.0	0.0	0.0	0.0	0.0	0.0	0.0	0.0	0.0	0.0	0.0	0.0	0.0	0.0	0.0	0.0	0.0	0.0	0.0	0.0	0.0	0.0	0.0	0.0	0.0	0.0	0.0	0.0	0.0	0.0	0.0	0.0	0.0	0.0	0.0	0.0	0.0	0.0	0.0	0.0	1.178784728050232	0.0	0.0	0.0	0.0	0.0	0.0	0.0	0.0	0.0	0.0	0.0	1.1715391874313354	0.0	0.0	0.0	0.0	0.0	0.0	1.281803846359253	0.0	0.0	0.0	0.0	1.1345173120498657	0.0	0.0	0.0	1.1668250560760498	0.0	0.0	1.1268556118011475	0.0	0.0	1.061497449874878	0.0	1.0331392288208008	0.0	0.0	0.0	0.0	0.0	0.0	0.0	
0.0	0.0	0.0	0.0	0.0	0.0	0.0	0.0	0.0	0.0	0.0	0.0	0.0	0.0	0.0	0.0	0.0	0.0	0.0	0.0	0.0	0.0	0.0	0.0	0.0	0.0	0.0	0.0	0.0	0.0	0.0	0.0	0.0	0.0	0.0	0.0	0.0	0.0	0.0	0.0	0.0	0.0	0.0	0.0	0.0	0.0	0.0	0.0	1.1298969984054565	0.0	0.0	0.0	0.0	0.0	0.0	0.0	0.0	0.0	0.0	0.0	1.1085642576217651	0.0	0.0	0.0	0.0	0.0	0.0	1.0882009267807007	0.0	0.0	0.0	0.0	1.0785155296325684	0.0	0.0	0.0	1.089025855064392	0.0	0.0	1.0459471940994263	0.0	0.0	1.0636624097824097	0.0	1.0373555421829224	0.0	0.0	0.0	0.0	0.0	0.0	
0.0	0.0	0.0	0.0	0.0	0.0	0.0	0.0	0.0	0.0	0.0	0.0	0.0	0.0	0.0	0.0	0.0	0.0	0.0	0.0	0.0	0.0	0.0	0.0	0.0	0.0	0.0	0.0	0.0	0.0	0.0	0.0	0.0	0.0	0.0	0.0	0.0	0.0	0.0	0.0	0.0	0.0	0.0	0.0	0.0	0.0	0.0	0.0	0.0	1.2011042833328247	0.0	0.0	0.0	0.0	0.0	0.0	0.0	0.0	0.0	0.0	0.0	1.2381365299224854	0.0	0.0	0.0	0.0	0.0	0.0	1.235552191734314	0.0	0.0	0.0	0.0	1.1384633779525757	0.0	0.0	0.0	1.119368553161621	0.0	0.0	1.0641168355941772	0.0	0.0	1.0346659421920776	0.0	1.0367637872695923	0.0	0.0	0.0	0.0	0.0	
0.0	0.0	0.0	0.0	0.0	0.0	0.0	0.0	0.0	0.0	0.0	0.0	0.0	0.0	0.0	0.0	0.0	0.0	0.0	0.0	0.0	0.0	0.0	0.0	0.0	0.0	0.0	0.0	0.0	0.0	0.0	0.0	0.0	0.0	0.0	0.0	0.0	0.0	0.0	0.0	0.0	0.0	0.0	0.0	0.0	0.0	0.0	0.0	0.0	0.0	1.1302279233932495	0.0	0.0	0.0	0.0	0.0	0.0	0.0	0.0	0.0	0.0	0.0	1.0963762998580933	0.0	0.0	0.0	0.0	0.0	0.0	1.096284031867981	0.0	0.0	0.0	0.0	1.0689549446105957	0.0	0.0	0.0	1.0857908725738525	0.0	0.0	1.0481188297271729	0.0	0.0	1.0390760898590088	0.0	1.027570128440857	0.0	0.0	0.0	0.0	
0.0	0.0	0.0	0.0	0.0	0.0	0.0	0.0	0.0	0.0	0.0	0.0	0.0	0.0	0.0	0.0	0.0	0.0	0.0	0.0	0.0	0.0	0.0	0.0	0.0	0.0	0.0	0.0	0.0	0.0	0.0	0.0	0.0	0.0	0.0	0.0	0.0	0.0	0.0	0.0	0.0	0.0	0.0	0.0	0.0	0.0	0.0	0.0	0.0	0.0	0.0	1.1396493911743164	0.0	0.0	0.0	0.0	0.0	0.0	0.0	0.0	0.0	0.0	0.0	1.1237989664077759	0.0	0.0	0.0	0.0	0.0	0.0	1.1161946058273315	0.0	0.0	0.0	0.0	1.0686184167861938	0.0	0.0	0.0	1.0525285005569458	0.0	0.0	1.0442471504211426	0.0	0.0	1.0320707559585571	0.0	1.0174837112426758	0.0	0.0	0.0	
0.0	0.0	0.0	0.0	0.0	0.0	0.0	0.0	0.0	0.0	0.0	0.0	0.0	0.0	0.0	0.0	0.0	0.0	0.0	0.0	0.0	0.0	0.0	0.0	0.0	0.0	0.0	0.0	0.0	0.0	0.0	0.0	0.0	0.0	0.0	0.0	0.0	0.0	0.0	0.0	0.0	0.0	0.0	0.0	0.0	0.0	0.0	0.0	0.0	0.0	0.0	0.0	1.1261107921600342	0.0	0.0	0.0	0.0	0.0	0.0	0.0	0.0	0.0	0.0	0.0	1.1056487560272217	0.0	0.0	0.0	0.0	0.0	0.0	1.1019190549850464	0.0	0.0	0.0	0.0	1.0786614418029785	0.0	0.0	0.0	1.0624409914016724	0.0	0.0	1.0294891595840454	0.0	0.0	1.027570128440857	0.0	1.021990418434143	0.0	0.0	
0.0	0.0	0.0	0.0	0.0	0.0	0.0	0.0	0.0	0.0	0.0	0.0	0.0	0.0	0.0	0.0	0.0	0.0	0.0	0.0	0.0	0.0	0.0	0.0	0.0	0.0	0.0	0.0	0.0	0.0	0.0	0.0	0.0	0.0	0.0	0.0	0.0	0.0	0.0	0.0	0.0	0.0	0.0	0.0	0.0	0.0	0.0	0.0	0.0	0.0	0.0	0.0	0.0	1.1230534315109253	0.0	0.0	0.0	0.0	0.0	0.0	0.0	0.0	0.0	0.0	0.0	1.102903127670288	0.0	0.0	0.0	0.0	0.0	0.0	1.0911461114883423	0.0	0.0	0.0	0.0	1.0664050579071045	0.0	0.0	0.0	1.058303713798523	0.0	0.0	1.0316556692123413	0.0	0.0	1.0174837112426758	0.0	1.0	0.0	
0.0	0.0	0.0	0.0	0.0	0.0	0.0	0.0	0.0	0.0	0.0	0.0	0.0	0.0	0.0	0.0	0.0	0.0	0.0	0.0	0.0	0.0	0.0	0.0	0.0	0.0	0.0	0.0	0.0	0.0	0.0	0.0	0.0	0.0	0.0	0.0	0.0	0.0	0.0	0.0	0.0	0.0	0.0	0.0	0.0	0.0	0.0	0.0	0.0	0.0	0.0	0.0	0.0	0.0	1.1233073472976685	0.0	0.0	0.0	0.0	0.0	0.0	0.0	0.0	0.0	0.0	0.0	1.09175705909729	0.0	0.0	0.0	0.0	0.0	0.0	1.0931357145309448	0.0	0.0	0.0	0.0	1.0658811330795288	0.0	0.0	0.0	1.0563830137252808	0.0	0.0	1.0288875102996826	0.0	0.0	1.021990418434143	0.0	1.0	
